first_name,last_name
Aaron,Pierce
Harold,Nelson
Eric,Ramos
Nicole,Brown
Marilyn,Gill
Troy,Ramos
Brian,Berg
Jared,Martinez
Adam,Schultz
Alison,Weaver
Sharon,Daniels
Teresa,Moreno
Abigail,Leon
Dean,Ford
Joel,Brooks
Richard,Webster
Nicole,Jones
Vanessa,Miller
Tina,Martin
Sarah,Scott
Daniel,Miller
Deborah,Baker
Sean,Greene
Katherine,Francis
Stephanie,Rogers
Selena,Wade
Timothy,Coleman
Jason,Woodard
Alejandro,Owen
Ricky,Fox
James,Montgomery
Jason,Ryan
Mark,Harvey
Nathaniel,Greer
Kristi,Young
Krystal,Osborne
Peter,Murray
Alan,Summers
Rebecca,Wilson
Paul,Bailey
Kristin,Collins
Cassandra,Estrada
Mary,Fuller
Jacqueline,Flores
Erica,Chambers
Dawn,Lopez
Gina,Bryant
Keith,Miller
James,Johnson
Danielle,Turner
Maria,Fox
Katie,Noble
Wayne,Fowler
Scott,Henry
Albert,Garcia
Amy,Rasmussen
Danny,Young
Kathleen,Santiago
Haley,Lopez
Christina,Wilson
Becky,Ramirez
Amy,Gonzales
Margaret,Bradford
Amanda,Walters
Richard,Smith
Nathan,Reese
Jared,Martin
Jennifer,Anderson
Catherine,Brennan
Rebecca,Travis
Sandra,Peterson
Meagan,Johnson
Joseph,Cruz
Brenda,Ortega
Stacy,Rogers
Brenda,Smith
Katherine,Williams
Marcus,Martin
John,Reynolds
Amanda,Guerrero
Emily,Larson
Patrick,Tate
Ariana,Cruz
Erika,Williams
Joseph,Miller
Christopher,Smith
Lauren,Crosby
Crystal,Alexander
Tyler,Garcia
Linda,Williams
Lauren,Daugherty
Kendra,Walker
Jason,Blankenship
Kimberly,Adams
Amanda,Flores
Mark,Vance
Paige,Long
Jennifer,Burton
Matthew,Torres
Michelle,Scott
